{
    "churn2": {
        "categorical_columns": ["7", "8", "9", "10", "y"],
        "mixed_columns": {"0": [850.0], "3": [0.0]},
        "integer_columns": ["2", "4"],
        "general_columns": ["1", "5", "6"],
        "problem_type": {"Classification": "y"}
    },
    "adult": {
        "categorical_columns": ["6", "7", "8", "9", "10", "11", "12", "13", "y"],
        "mixed_columns": {"3": [0.0], "4": [0.0]},
        "integer_columns": ["0", "1", "2", "5"],
        "general_columns": ["0", "1", "7"],
        "problem_type": {"Classification": "y"}
    },
    "california": {
        "categorical_columns": [],
        "mixed_columns": {"1": [52.0]},
        "integer_columns": ["4"],
        "general_columns": ["0"],
        "problem_type": {"Regression": "y"}
    },
    "default": {
        "categorical_columns": ["20", "21", "22", "y"],
        "mixed_columns": {},
        "general_columns": [],
        "integer_columns": ["0", "1", "2", "3", "4", "5", "6", "7", "8", "9", "10", "11", "12", "13", "14", "15", "16", "17", "18", "19"],
        "problem_type": {"Classification": "y"}
    },
    "buddy": {
        "categorical_columns": ["4", "5", "6", "7", "8", "y"],
        "mixed_columns": {},
        "integer_columns": ["0", "1"],
        "general_columns": ["1", "3", "5"],
        "problem_type": {"Classification": "y"}
    },
    "gesture": {
        "categorical_columns": ["y"],
        "mixed_columns": {},
        "integer_columns": [],
        "general_columns": ["0", "1", "2", "3", "4", "5", "6", "7", "8", "9", "10", "11", "12", "13", "14", "15", "16", "17", "18", "19", "20", "21", "22", "23"],
        "problem_type": {"Classification": "y"}
    },
    "wilt": {
        "categorical_columns": ["y"],
        "mixed_columns": {},
        "integer_columns": [],
        "general_columns": ["0", "3"],
        "problem_type": {"Classification": "y"}
    },
    "satellite": {
        "categorical_columns": ["y"],
        "mixed_columns": {},
        "integer_columns": [],
        "problem_type": {"Classification": "y"}
    },
    "higgs-small": {
        "categorical_columns": ["y"],
        "mixed_columns": {},
        "integer_columns": [],
        "general_columns": ["1", "2", "4", "6", "10", "11", "14", "15", "18","19"],
        "problem_type": {"Classification": "y"}
    },
    "diabetes": {
        "categorical_columns": ["y"],
        "mixed_columns": {"3": [0.0], "4": [0.0]},
        "general_columns": [],
        "integer_columns": ["0", "1", "2", "5", "7"],
        "problem_type": {"Classification": "y"}
    },
    "abalone": {
        "categorical_columns": ["7"],
        "mixed_columns": {},
        "integer_columns": ["y"],
        "general_columns": [],
        "problem_type": {"Regression": "y"}
    },
    "insurance": {
        "categorical_columns": ["3", "4", "5"],
        "mixed_columns": {},
        "general_columns": [],
        "integer_columns": ["0", "2"],
        "problem_type": {"Regression": "y"}
    },
    "king": {
        "categorical_columns": ["17", "18", "19"],
        "mixed_columns": {"9": [0.0], "11":[0.0]},
        "general_columns": ["2", "6", "7"],
        "integer_columns": ["0", "2", "5", "7", "8", "9", "12"],
        "problem_type": {"Regression": "y"}
    },
    "cardio": {
        "categorical_columns": ["5", "6", "7", "8", "9", "10", "y"],
        "mixed_columns": {},
        "integer_columns": ["0", "1", "3", "4"],
        "problem_type": {"Classification": "y"}
    },
    "house": {
        "categorical_columns": [],
        "mixed_columns": {"2": [0.0], "6": [0.0], "8": [0.0], "11": [0.0], "12": [1.0], "14": [0.0]},
        "general_columns": ["1", "7"],
        "integer_columns": ["0"],
        "problem_type": {"Regression": "y"}
    },
    "miniboone": {
        "categorical_columns": ["y"],
        "mixed_columns": {},
        "integer_columns": [],
        "general_columns": ["8", "9", "10", "19", "20", "21", "28", "29", "35", "39", "45", "49"],
        "problem_type": {"Classification": "y"}
    },
    "fb-comments": {
        "categorical_columns": ["36", "37", "38", "39", "40", "41", "42", "43", "44", "45", "46", "47", "48", "49", "50"],
        "mixed_columns": {"1": [0.0], "8": [0.0], "10": [0.0]},
        "general_columns": ["26", "36"],
        "integer_columns": [],
        "problem_type": {"Regression": "y"}
    }
}